q,method,FDR,power,mean_R,audit_records
0.05,BHN-style-centroid,0.0,0.0,0.0,200
0.05,CLEAR-biased-gold,0.0479808935584187,0.1987413613655567,4505.015,200
0.05,CLEAR-oracle-score,0.0303588503139664,0.56,10798.51,200
0.05,CLEAR-pooled,0.0173678104969985,0.0990920245831711,2124.7,200
0.05,cleanlab,0.3762777503214702,0.6300957551255116,11170.0,200
0.05,model-disagreement,0.4981231545959606,0.8756254601488465,19416.0,200
0.1,BHN-style-centroid,0.0143515319254962,0.0762183775615232,1630.64,200
0.1,CLEAR-biased-gold,0.1700253403872125,0.3496454656515108,7753.985,200
0.1,CLEAR-oracle-score,0.0888433585502708,1.0,13578.175,200
0.1,CLEAR-pooled,0.0457927528486098,0.1983280644353076,4390.99,200
0.1,cleanlab,0.3762777503214702,0.6300957551255116,11170.0,200
0.1,model-disagreement,0.4981231545959606,0.8756254601488465,19416.0,200
0.2,BHN-style-centroid,0.0624361127167052,0.1849685513170033,3968.89,200
0.2,CLEAR-biased-gold,0.4000670071807155,0.5797257402384001,13389.435,200
0.2,CLEAR-oracle-score,0.1914206359253092,1.0,15318.07,200
0.2,CLEAR-pooled,0.1550456908653013,0.3463438061550887,7459.545,200
0.2,cleanlab,0.3762777503214702,0.6300957551255116,11170.0,200
0.2,model-disagreement,0.4981231545959606,0.8756254601488465,19416.0,200
