dataset,N,p,K,min_class,data_sha256
GAMETES_Epistasis_2_Way_20atts_0.1H_EDM_1_1,1600,20,2,800,bbcc88adff6b1fe44f9d2cb8119b57f5deb6a94d83bc1e495f934240df887278
GAMETES_Epistasis_2_Way_20atts_0.4H_EDM_1_1,1600,20,2,800,c14348e6ebb55d3780060387f3f9692626d434fb7e28551abf0461fc045876bd
GAMETES_Epistasis_3_Way_20atts_0.2H_EDM_1_1,1600,20,2,800,32aa748d0eb2340db48f49d83e7b519597e1309f93eec848098e6067cc1c30da
GAMETES_Heterogeneity_20atts_1600_Het_0.4_0.2_50_EDM_2_001,1600,20,2,800,73dd462bef53940065f155965b6c94429a05075abe6f0ac43e73ffe55d9d6509
GAMETES_Heterogeneity_20atts_1600_Het_0.4_0.2_75_EDM_2_001,1600,20,2,800,4d295b2e9379019e356f0e4e01f2e566f6a50565ca5d3fb0d8c1193af3f0dd9e
Hill_Valley_with_noise,1212,100,2,606,36e3bccb3e8dce6baaed5953993297740f1a63e2c2ce89a02cd1f72b2e722fd2
Hill_Valley_without_noise,1212,100,2,600,47fd1854a529f49f7966bccefc10ddf011241838fe3d0f1afacecf599dca2629
agaricus_lepiota,8145,22,2,3917,4f1129735a73119d0a8803148332c4881ddb05d077597d40d0d684f3460a022f
allhypo,3770,29,3,95,dda7eeda0b81a0ff66fee577b875d4ef6f1d3b431e08791a5fcbe11151d14849
allrep,3772,29,4,34,37cfe0b43f75e0a624a7816a69885cafd5908ec99b3cd5136aed19f77534e69e
analcatdata_authorship,841,70,4,55,a1417c1fcf70ae3a6348c0dc948de9d8bb15dde1577a453cc314e7ee6c65ec53
analcatdata_dmft,797,4,6,123,31f4212c34c65a4362c342b018d0f496c670d090af5a53ff5270cab60c2d5477
ann_thyroid,7200,21,3,166,e9e4b23fdab8c6afcda213df45434f27a356606a51131197dc534dc4558b6696
balance_scale,625,4,3,49,7e86bcb2117b35bb62a1385c1dd1604f0ee759625b251c81329c913e7bffef61
car_evaluation,1728,6,4,65,408031d8ebd4f139377bda6848a818be796c888f15aad76b40e62d37ea797c20
chess,3196,36,2,1527,8df0b1c45acdd742f006505adb2eb69d6a540ab591421ba28e22d6669c9e4447
churn,5000,20,2,707,b7058ebe1beb92576c51d60f4995698729a03298f9c467c8f520c7ea30ad61c0
clean2,6598,168,2,1017,f5ae210d18983040efa580553394f680df87e2f6bdc3c0424bfbd5609d2f530c
coil2000,9822,85,2,586,891eadd98c4e967a4ba762d5f884369217ca06abd47f25973db24dd0de611cb2
dis,3772,29,2,58,6112a61f1f0dd77a95311a2ad47958aa835b55218ba0e22c83b446f3c67ebccb
dna,3186,180,3,765,00568b48014c7f6db62cc96535d0313352c5cb2e7f547cc8dcb59afdf9e7f1ef
hypothyroid,3163,25,2,151,ea5770627112a0eb125cd719ed271418bf85f4398a9bc693a2d7b144150e02af
irish,500,5,2,222,97c59fd9897c86d22143b457633b96bdb2220f3bbd09d2937da673d4e9d1bbbe
kr_vs_kp,3196,36,2,1527,9fbe69f206e09a910364f6819ea622449d2c39e379576f78ba4722b5c2e940e9
led24,3200,24,10,296,e21f1708a573aae4a562d761a310bff9a3c01e0dffb463a3e53eeae6a4f915b8
led7,3200,7,10,270,49025931de907e816762ca68dc08158962395de20cdee5665c6c119092131808
magic,19020,10,2,6688,289e9a72caebb30c2258ecb63650fd71fd818a12d594c3ec8f060045b84e80d6
mfeat_fourier,2000,76,10,200,1900fe8bde99e33155696c36621937dce96cde41b3e71a9038e06150665ddb47
mfeat_karhunen,2000,64,10,200,a25dd10e797a5f5255c9be1883a43d76f04813bcc74a3bc90c01ff19715aed24
mfeat_morphological,2000,6,10,200,82b5a5e95b3f538d811c52f3e72cfc8ba5e2b850a6a5666c7a0ce558be469550
mfeat_zernike,2000,47,10,200,8c25c60ee2c27ea2fc9c3b6c3449ad729583e64768dd799684115c3f015d0b93
mofn_3_7_10,1324,10,2,292,f646823fba1dcee60d6340f8af41942fee3ffd4d3d836ba1962841b7abf24cb8
monk1,556,6,2,278,76f848ec9dc3fb994a15843382d611a083a1427b565915629a930af8467a0350
monk2,601,6,2,206,e2d74853ab724943293adabfcdd5a11c3f89a66c071cbcf55b89919aa0f76912
monk3,554,6,2,266,0f1405790a8b0230f3eed76c9599749e710eaf3db2c805f23d14d520c5e14a7c
mushroom,8124,22,2,3916,d5ec725ced2c2ca9642202c9665aab88696aac7c673c78ed9f642727fabd0ff7
nursery,12958,8,4,328,82dc0d5fa009e07210240adf35898f3f89939f4bbc1e33eb9611a8bd738a60b0
optdigits,5620,64,10,554,a336e64ff97b39a6da5c231c840848a3d900839d6ca1ac0d6531cc041ac324f6
parity5+5,1124,10,2,557,02ce4f02bcd221166e7c8ad021a68861ec1b0ca62cc5bffc0a2c5d4240b78df9
pendigits,10992,16,10,1055,44bd6caa53da5ad43bc5b10dcb10461e5b94b60d8a01f2958ce3d534ec7f65df
phoneme,5404,5,2,1586,0a36e967ef9d62caf9166ebbbc961536078eea39ab2afe816207af5c2ba1f642
profb,672,9,2,224,db36cf5fab09b87376f993e9496aa242bc82ff9d9ecc6ba05733eb6db8ebbba4
ring,7400,20,2,3664,023bbda328b55140fe90034569bd2a4f3abf255d85186c560839c493a2d8c14b
satimage,6435,36,6,626,68d0c2925b27afc2f0751278ef05ff7c369ca89a840d9680f9e220975f0b89a1
segmentation,2310,19,7,330,f2be35203eaf9a7991865b16a3f574c24b231ad771930c99245b8af3e03c78c2
spambase,4601,57,2,1813,27be7bc6677a3bb095b90afbe7b6841cb359896960fac7392bee4a1385f8c254
splice,3188,60,3,764,31e424bc2df855bc341ab1cf565ff4f9fca45493f6485dcab565340cfd940011
threeOf9,512,9,2,238,63b02c6bc68c92b0497c9823e4418663f21ee0008ff01fe66e54e7d8f87106ef
tic_tac_toe,958,9,2,332,446a21b7ab8e1672ad874a873dcc6a2227642da3ff8ce98db5b02e49c70668fe
tokyo1,959,44,2,346,eba4abb4dadb7eb55aac395c7474f7d5f343b869bac6f46abc8824f39cef9012
twonorm,7400,20,2,3697,7863a0bf7f53276fe2048201d0afbc2e5a60959ec22163cd071893c49936c0b2
vehicle,846,18,4,199,9649b2f9d790fb72246132ca64e3bf6649eae2d90b10fb67d89ae6eb7ac8fa27
waveform_21,5000,21,3,1647,5eccd34cbaec160131c54fb7df6d95b79906a048da7b3ae7e0427647f717794d
waveform_40,5000,40,3,1653,03445d03d2d557ce59fa2fd451c3dfec932bcc1bfc30edb0a72b0d9c79dccd93
xd6,973,9,2,322,36c277cb0498e07258b1e8bd95ba6e5030fc81b4f1c529352e43d0c1737c6757
