method,q,FDR,power,mean_R,evaluations,datasets
BHN-style-logistic,0.05,0.0018289887245185,0.0185143347935045,9.215151515151517,1650,55
BHN-style-logistic,0.1,0.0206364877056348,0.1461885897436784,90.65454545454546,1650,55
BHN-style-logistic,0.2,0.09242256892153,0.3461842153484433,218.06727272727272,1650,55
CLEAR-biased-gold,0.05,0.2044429997569425,0.4984897500711871,373.0072727272727,1650,55
CLEAR-biased-gold,0.1,0.3912531749841789,0.6694738439071373,604.1612121212121,1650,55
CLEAR-biased-gold,0.2,0.5740105485579072,0.7695547755922924,904.3672727272728,1650,55
CLEAR-oracle-score,0.05,0.0387408825409952,0.8266666666666667,389.5509090909091,1650,55
CLEAR-oracle-score,0.1,0.0833812381752887,1.0,448.4606060606061,1650,55
CLEAR-oracle-score,0.2,0.1833121760173944,1.0,508.4860606060606,1650,55
CLEAR-pooled,0.05,0.0076238780020077,0.0835102340338711,56.46666666666667,1650,55
CLEAR-pooled,0.1,0.0442261620269325,0.2278115665839079,137.63030303030305,1650,55
CLEAR-pooled,0.2,0.1401150036912108,0.4074979515554166,270.0612121212121,1650,55
cleanlab,0.05,0.4721425441227381,0.7017663249063318,611.9806060606061,1650,55
cleanlab,0.1,0.4721425441227381,0.7017663249063318,611.9806060606061,1650,55
cleanlab,0.2,0.4721425441227381,0.7017663249063318,611.9806060606061,1650,55
model-disagreement,0.05,0.5430764386101197,0.8185905642976768,793.9751515151515,1650,55
model-disagreement,0.1,0.5430764386101197,0.8185905642976768,793.9751515151515,1650,55
model-disagreement,0.2,0.5430764386101197,0.8185905642976768,793.9751515151515,1650,55
